<?xml version="1.0" encoding="UTF-8"?>

<!DOCTYPE struts PUBLIC
    "-//Apache Software Foundation//DTD Struts Configuration 2.0//EN"
    "http://struts.apache.org/dtds/struts-2.0.dtd">


<struts>
	<package name="training.web.hello" namespace="/" extends="struts-default">
		<action name="helloinit" class="training.web.hello.HelloAction" method="init">
			<result name="initPage">/hello/hello.jsp</result>
		</action>
		
		<action name="hellosayhi" class="training.web.hello.HelloAction" method="sayHi">
			<result name="resultPage">/hello/hello_result.jsp</result>
		</action>
	</package>
</struts>